cave_name;longitude;latitude;elevation;length;depth;area;volume;lithology;relevance_surveyed;relevance_factor;geomorph_unit;description;user;cave_maps;
APOL_0018;-43.702538;-20.516070;1495;15.5;2.3;28.1;23;Banded Iron Formation - BIF;No;Maximum;10;Unavaible;hpesciotti;null
APOL_0017;-43.701030;-20.524550;1498;31.1;1;73.8;109;Banded Iron Formation - BIF;No;Maximum;10;Unavaible;hpesciotti;null
APOL_0016;-43.701197;-20.530250;1482;14.1;1.2;34.1;48;Banded Iron Formation - BIF;No;Maximum;10;Unavaible;hpesciotti;null
APOL_0014;-43.694662;-20.547030;1605;19.8;5.9;92.5;114;Banded Iron Formation - BIF;No;Maximum;10;Unavaible;hpesciotti;null
APOL_0015;-43.690111;-20.570720;1604;5.6;1;20.1;15;Banded Iron Formation - BIF;No;Maximum;10;Unavaible;hpesciotti;null
APOL_0022;-43.694297;-20.653790;1623;38.9;2.2;95.4;100;Banded Iron Formation - BIF;No;Maximum;10;Unavaible;hpesciotti;null
GAND_0108;-43.694940;-20.754120;1558;11.9;2.3;18.2;11;Banded Iron Formation - BIF;No;Maximum;10;Unavaible;hpesciotti;null
GAND_0020;-43.694657;-20.761240;1530;58.8;5.9;201.8;191;Banded Iron Formation - BIF;No;Maximum;10;Unavaible;hpesciotti;null
AVG-28;-43.696526;-19.823060;1439;7;1.7;11.8;9.8;Banded Iron Formation - BIF;No;Maximum;3;Unavaible;hpesciotti;null
MDIR_0028;-43.437105;-19.880260;931;100.7;4;536.36;868.9;Banded Iron Formation - BIF;No;Maximum;10;Unavaible;hpesciotti;null
TAMD_0003;-43.957990;-20.888430;1413;6.4;0.3;14.5;19;Banded Iron Formation - BIF;No;Maximum;5;Unavaible;hpesciotti;null
TAMD_0004;-43.957961;-20.889510;1413;6.9;0.7;7.4;3;Banded Iron Formation - BIF;No;Maximum;5;Unavaible;hpesciotti;null
TAMD_0006;-43.956553;-20.892050;1398;9.5;0.7;14.5;7;Banded Iron Formation - BIF;No;Maximum;5;Unavaible;hpesciotti;null
TAMD_0005;-43.957471;-20.893010;1410;13.2;1;17.1;9.2;Banded Iron Formation - BIF;No;Maximum;5;Unavaible;hpesciotti;null
BRU_0032;-43.460939;-19.900190;912;14.1;0.1;9.1;149;Banded Iron Formation - BIF;No;Maximum;10;Unavaible;hpesciotti;null
BRU_0028;-43.463512;-19.902850;923;6.1;0.4;12.7;11;Banded Iron Formation - BIF;No;Maximum;10;Unavaible;hpesciotti;null
RF_0001;-43.454814;-19.905440;844;13;1.7;15.9;20.4;Banded Iron Formation - BIF;No;Maximum;10;Unavaible;hpesciotti;null
RF_0015;-43.495193;-19.922020;924;18.9;3.4;79.6;84.9;Banded Iron Formation - BIF;No;Maximum;10;Unavaible;hpesciotti;null
RF_0019;-43.496625;-19.922150;929;25.8;5;76.7;84.2;Banded Iron Formation - BIF;No;Maximum;10;Unavaible;hpesciotti;null
RF_0036;-43.508385;-19.928140;962;22.4;4;32;21;Banded Iron Formation - BIF;No;Maximum;10;Unavaible;hpesciotti;null
RF_0035;-43.508289;-19.928220;955;9;4;23.9;8.43;Banded Iron Formation - BIF;No;Maximum;10;Unavaible;hpesciotti;null
RF_0059;-43.532634;-19.933970;1052;36.1;7;77.6;100.8;Banded Iron Formation - BIF;No;Maximum;10;Unavaible;hpesciotti;null
RF_0075;-43.537667;-19.935240;1003;9.5;2.4;32;23;Banded Iron Formation - BIF;No;Maximum;10;Unavaible;hpesciotti;null
RF_0061;-43.533177;-19.937290;911;9.3;1.4;16;8;Banded Iron Formation - BIF;No;Maximum;10;Unavaible;hpesciotti;null
TAMD_0007;-43.954883;-20.944810;1504;10.5;0.3;20.7;13;Banded Iron Formation - BIF;No;Maximum;5;Unavaible;hpesciotti;null
MJ_0005;-44.766850;-20.945180;1072;36.8;6.8;209;384;Banded Iron Formation - BIF;No;Maximum;5;Unavaible;hpesciotti;null
TAMD_0008;-43.954978;-20.945630;1510;8.8;0.1;15.1;8;Banded Iron Formation - BIF;No;Maximum;5;Unavaible;hpesciotti;null
TAMD_0002;-43.954106;-20.947470;1496;20.4;1.3;54.5;47;Banded Iron Formation - BIF;No;Maximum;5;Unavaible;hpesciotti;null
MJ_0006;-44.748650;-20.949240;1061;23;3.2;59.1;104;Banded Iron Formation - BIF;No;Maximum;5;Unavaible;hpesciotti;null
RF_0082;-43.586572;-19.955530;1099;5.6;1;8.1;8;Banded Iron Formation - BIF;No;Maximum;10;Unavaible;hpesciotti;null
MJ_0007;-44.732780;-20.980880;1019;20;1;34;26;Banded Iron Formation - BIF;No;Maximum;5;Unavaible;hpesciotti;null
TAMD_0009;-43.948750;-20.991160;1437;52.7;2.6;165.9;282;Banded Iron Formation - BIF;No;Maximum;5;Unavaible;hpesciotti;null
CPMT_0002;-43.886333;-20.101732;1099;6.3;1;10.7;7;Banded Iron Formation - BIF;No;Maximum;5;Unavaible;hpesciotti;null
CPMT_0001;-43.883471;-20.102067;1052;18.25;0.9;13.9;23;Banded Iron Formation - BIF;No;Maximum;5;Unavaible;hpesciotti;null
FP-14;-43.640269;-20.103595;1436;25.25;2.35;33;33.9;Banded Iron Formation - BIF;No;Maximum;10;Unavaible;hpesciotti;null
FP-13;-43.640106;-20.103602;1437;19.32;1.99;22.2;12.4;Banded Iron Formation - BIF;No;Maximum;10;Unavaible;hpesciotti;null
FP-15;-43.640172;-20.103738;1436;21.52;1.36;33.4;21.4;Banded Iron Formation - BIF;No;Maximum;10;Unavaible;hpesciotti;null
FP-16;-43.636793;-20.103983;1363;20.62;2.15;38.6;28.5;Banded Iron Formation - BIF;No;Maximum;10;Unavaible;hpesciotti;null
CPMT_0003;-43.894726;-20.106493;1190;8.6;2.43;5.25;2.87;Banded Iron Formation - BIF;No;Maximum;5;Unavaible;hpesciotti;null
TAMD_0001;-43.953356;-20.106904;1358;7.2;0.4;6.84;2.4;Banded Iron Formation - BIF;No;Maximum;5;Unavaible;hpesciotti;null
FP-12;-43.642923;-20.107401;1426;19.95;1.74;44;29.5;Banded Iron Formation - BIF;No;Maximum;10;Unavaible;hpesciotti;null
CPMT_0005;-43.900841;-20.107425;1319;9.03;0.9;23;20;Banded Iron Formation - BIF;No;Maximum;5;Unavaible;hpesciotti;null
FP-11;-43.657938;-20.110831;1406;27.99;10.29;89;69;Banded Iron Formation - BIF;No;Maximum;10;Unavaible;hpesciotti;null
FP-10;-43.661594;-20.116253;1640;7.52;0.45;34;28.5;Banded Iron Formation - BIF;No;Maximum;10;Unavaible;hpesciotti;null
CPMT_0016;-43.898789;-20.116366;1456;53.3;3.5;157;216;Banded Iron Formation - BIF;No;Maximum;5;Unavaible;hpesciotti;null
CPMT_0014;-43.888992;-20.116567;1454;47.4;2.5;121.6;122;Banded Iron Formation - BIF;No;Maximum;5;Unavaible;hpesciotti;null
CPMT_0015;-43.898356;-20.116698;1456;18.1;1.5;44.8;42;Banded Iron Formation - BIF;No;Maximum;5;Unavaible;hpesciotti;null
CPMT_0012;-43.900393;-20.116756;1471;9.9;0.1;10;6;Banded Iron Formation - BIF;No;Maximum;5;Unavaible;hpesciotti;null
FP-04;-43.648766;-20.117537;1469;8.55;4.01;11.34;15.8;Banded Iron Formation - BIF;No;Maximum;10;Unavaible;hpesciotti;null
FP-03;-43.648737;-20.117618;1464;25.59;2.54;84.05;100.8;Banded Iron Formation - BIF;No;Maximum;10;Unavaible;hpesciotti;null
FP-02;-43.648688;-20.117672;1464;6.02;0.25;19.7;26;Banded Iron Formation - BIF;No;Maximum;10;Unavaible;hpesciotti;null
FP-01;-43.648698;-20.117699;1462;5.07;0.5;11.1;17;Banded Iron Formation - BIF;No;Maximum;10;Unavaible;hpesciotti;null
CPMT_0020;-43.894758;-20.118239;1339;9.77;3;28;30;Banded Iron Formation - BIF;No;Maximum;5;Unavaible;hpesciotti;null
CPMT_0017;-43.894662;-20.118256;1339;10.9;1.9;13.1;12;Banded Iron Formation - BIF;No;Maximum;5;Unavaible;hpesciotti;null
CPMT_0018;-43.894738;-20.118383;1339;5.6;0.3;3;3.75;Banded Iron Formation - BIF;No;Maximum;5;Unavaible;hpesciotti;null
CPMT_0019;-43.894974;-20.118782;1348;10.37;0.7;22;45;Banded Iron Formation - BIF;No;Maximum;5;Unavaible;hpesciotti;null
CPMT_0011;-43.901135;-20.120104;1496;8.4;1.5;13;4;Banded Iron Formation - BIF;No;Maximum;5;Unavaible;hpesciotti;null
CPMT_0009;-43.902495;-20.121196;1437;10.3;1.35;7.03;16;Banded Iron Formation - BIF;No;Maximum;5;Unavaible;hpesciotti;null
FP-08;-43.658642;-20.121416;1520;5.92;1.57;14.6;10.2;Banded Iron Formation - BIF;No;Maximum;10;Unavaible;hpesciotti;null
FP-09;-43.658574;-20.121542;1524;6.82;0.67;10.6;6;Banded Iron Formation - BIF;No;Maximum;10;Unavaible;hpesciotti;null
FP-07;-43.658555;-20.121578;1518;38.24;3.65;132.2;189;Banded Iron Formation - BIF;No;Maximum;10;Unavaible;hpesciotti;null
BR_0001;-43.405142;-20.122088;786;9.05;1.78;23.44;29.53;Banded Iron Formation - BIF;No;Maximum;9;Unavaible;hpesciotti;null
FP-06;-43.657802;-20.122349;1494;9.08;0.71;22;21.3;Banded Iron Formation - BIF;No;Maximum;10;Unavaible;hpesciotti;null
CPMT_0008;-43.901065;-20.123275;1412;25.3;2.6;124.4;187;Banded Iron Formation - BIF;No;Maximum;5;Unavaible;hpesciotti;null
BR_0002;-43.409261;-20.123362;904;6.77;2.88;23.72;46.93;Banded Iron Formation - BIF;No;Maximum;9;Unavaible;hpesciotti;null
CPMT_0013;-43.893352;-20.123669;1328;10.7;1;9.9;8;Banded Iron Formation - BIF;No;Maximum;5;Unavaible;hpesciotti;null
BR_0027;-43.407634;-20.124396;903;7.67;0.76;19.34;20.88;Banded Iron Formation - BIF;No;Maximum;9;Unavaible;hpesciotti;null
CPMT_0010;-43.895226;-20.125217;1336;24.8;0.3;19.6;9;Banded Iron Formation - BIF;No;Maximum;5;Unavaible;hpesciotti;null
BR_0003;-43.403531;-20.126265;827;9.77;1.32;18.43;9.39;Banded Iron Formation - BIF;No;Maximum;9;Unavaible;hpesciotti;null
CPMT_0006;-43.907429;-20.128428;1278;20.5;2.4;65.3;67;Banded Iron Formation - BIF;No;Maximum;5;Unavaible;hpesciotti;null
CPMT_0007;-43.904557;-20.131482;1211;5.8;0.7;6.56;8.9;Banded Iron Formation - BIF;No;Maximum;5;Unavaible;hpesciotti;null
BR_0020;-43.404277;-20.132938;832;5.89;0.19;16.03;17.63;Banded Iron Formation - BIF;No;Maximum;9;Unavaible;hpesciotti;null
BR_0019;-43.404353;-20.132957;828;12.81;1.65;16.98;13.92;Banded Iron Formation - BIF;No;Maximum;9;Unavaible;hpesciotti;null
BR_0018;-43.404362;-20.132957;829;41.1;2.11;60.94;60.94;Banded Iron Formation - BIF;No;Maximum;9;Unavaible;hpesciotti;null
BR_0017;-43.404725;-20.133096;820;24.06;1.73;104.32;105.36;Hematite Schist;No;Maximum;9;Unavaible;hpesciotti;null
BR_0015;-43.405222;-20.133101;815;17.85;1.08;38.94;31.15;Banded Iron Formation - BIF;No;Maximum;9;Unavaible;hpesciotti;null
BR_0016;-43.405136;-20.133109;827;6.16;0.56;6.64;3.85;Banded Iron Formation - BIF;No;Maximum;9;Unavaible;hpesciotti;null
BR_0010;-43.407014;-20.133686;838;6.31;3.09;22.85;21.47;Itabirite;No;Maximum;9;Unavaible;hpesciotti;null
BR_0022;-43.405863;-20.134046;860;30.59;4.93;142.14;271.48;Banded Iron Formation - BIF;No;Maximum;9;Unavaible;hpesciotti;null
BR_0021;-43.405709;-20.134108;860;19.39;3.67;58.89;63.6;Banded Iron Formation - BIF;No;Maximum;9;Unavaible;hpesciotti;null
BR_0023;-43.405678;-20.134306;874;41.56;4.7;153.12;136.27;Banded Iron Formation - BIF;No;Maximum;9;Unavaible;hpesciotti;null
BR_0008;-43.407906;-20.134381;846;10.22;2;25.2;33.76;Banded Iron Formation - BIF;No;Maximum;9;Unavaible;hpesciotti;null
BR_0006;-43.408220;-20.134555;850;6.1;0.54;26.52;20.15;Banded Iron Formation - BIF;No;Maximum;9;Unavaible;hpesciotti;null
BR_0030;-43.409406;-20.134566;890;6.3;0.75;10.32;5.77;Banded Iron Formation - BIF;No;Maximum;9;Unavaible;hpesciotti;null
BR_0034;-43.411427;-20.137159;895;49.01;8.41;274;487.72;Banded Iron Formation - BIF;No;Maximum;9;Unavaible;hpesciotti;null
BR_0009;-43.410115;-20.137264;901;7.8;1.3;9.77;3.12;Banded Iron Formation - BIF;No;Maximum;9;Unavaible;hpesciotti;null
BR_0032;-43.411969;-20.137453;898;27.55;2.25;62.44;86.12;Banded Iron Formation - BIF;No;Maximum;9;Unavaible;hpesciotti;null
BR_0031;-43.412208;-20.137518;904;22.06;5.7;84.63;156.56;Banded Iron Formation - BIF;No;Maximum;9;Unavaible;hpesciotti;null
BR_0033;-43.411553;-20.137919;919;8.75;0.59;23.13;30.99;Banded Iron Formation - BIF;No;Maximum;9;Unavaible;hpesciotti;null
BR_0011;-43.409439;-20.137954;899;54.01;2.02;145.1;124.78;Banded Iron Formation - BIF;No;Maximum;9;Unavaible;hpesciotti;null
BR_0028;-43.412592;-20.138253;889;14.95;0.49;22.48;21.58;Banded Iron Formation - BIF;No;Maximum;9;Unavaible;hpesciotti;null
BR_0029;-43.413184;-20.138421;892;19.45;1.83;66.94;88.36;Hematite Schist;No;Maximum;9;Unavaible;hpesciotti;null
ABOB_0006;-43.882708;-20.144817;1296;16.6;2.2;28.3;47;Banded Iron Formation - BIF;No;Maximum;5;Unavaible;hpesciotti;null
ABOB_0003;-43.880878;-20.145203;1347;22.8;0.7;32.9;27;Banded Iron Formation - BIF;No;Maximum;5;Unavaible;hpesciotti;null
ABOB_0004;-43.880828;-20.145509;1355;18.6;0.8;22.6;24;Banded Iron Formation - BIF;No;Maximum;5;Unavaible;hpesciotti;null
ABOB_0005;-43.880799;-20.145536;1352;9;1.3;7.7;6;Banded Iron Formation - BIF;No;Maximum;5;Unavaible;hpesciotti;null
BR_0038;-43.426518;-20.147972;915;7.61;0.37;16.24;8.12;Hematite Schist;No;Maximum;9;Unavaible;hpesciotti;null
ABOB_0009;-43.874444;-20.149932;1365;8.9;1.9;5.2;3;Banded Iron Formation - BIF;No;Maximum;5;Unavaible;hpesciotti;null
BR_0036;-43.431068;-20.150235;914;21.25;3;36.52;62.44;Hematite Schist;No;Maximum;9;Unavaible;hpesciotti;null
PMN_0020;-43.423625;-20.150268;887;7.08;1.3;33.73;53.63;Banded Iron Formation - BIF;No;Maximum;9;Unavaible;hpesciotti;null
BR_0026;-43.419269;-20.151548;873;17.53;4.08;55.35;85.79;Banded Iron Formation - BIF;No;Maximum;9;Unavaible;hpesciotti;null
FZ_0033;-43.426818;-20.155211;912;15.27;0.99;31.33;37.59;Banded Iron Formation - BIF;No;Maximum;9;Unavaible;hpesciotti;null
FZ_0031;-43.427577;-20.155841;911;10.2;0.36;15.88;13.97;Banded Iron Formation - BIF;No;Maximum;9;Unavaible;hpesciotti;null
FZ_0029;-43.427299;-20.155929;906;39.78;3.31;193.89;224.91;Banded Iron Formation - BIF;No;Maximum;9;Unavaible;hpesciotti;null
FZ_0030;-43.427289;-20.155992;914;10;1.02;24.94;26.18;Banded Iron Formation - BIF;No;Maximum;9;Unavaible;hpesciotti;null
MRI_0003;-43.416399;-20.157213;865;26.43;4.51;76.04;87.44;Banded Iron Formation - BIF;No;Maximum;9;Unavaible;hpesciotti;null
MRI_0004;-43.415844;-20.157236;877;6.87;0.87;12.34;11.47;Banded Iron Formation - BIF;No;Maximum;9;Unavaible;hpesciotti;null
MRI_0005;-43.415934;-20.157787;877;7.69;1.04;22.97;32.38;Banded Iron Formation - BIF;No;Maximum;9;Unavaible;hpesciotti;null
MRI_0002;-43.417773;-20.159547;847;16.31;2.35;52.6;51.02;Hematite Schist;No;Maximum;9;Unavaible;hpesciotti;null
ABOB_0010;-43.877512;-20.159719;1252;12.4;0.6;18.7;9;Banded Iron Formation - BIF;No;Maximum;5;Unavaible;hpesciotti;null
BR_0042;-43.418070;-20.162324;825;49.6;4.21;182.54;313.96;Hematite Schist;No;Maximum;9;Unavaible;hpesciotti;null
ABOB_0001;-43.867663;-20.162899;1209;11.8;1;28;17;Banded Iron Formation - BIF;No;Maximum;5;Unavaible;hpesciotti;null
P_0006;-43.469574;-20.163746;925;16.43;5.05;69.16;85.78;Banded Iron Formation - BIF;No;Maximum;9;Unavaible;hpesciotti;null
P_0002;-43.469266;-20.163887;924;5.25;0.73;20.84;31.05;Banded Iron Formation - BIF;No;Maximum;9;Unavaible;hpesciotti;null
P_0005;-43.462520;-20.163991;947;13.26;1.13;19.84;16.07;Banded Iron Formation - BIF;No;Maximum;9;Unavaible;hpesciotti;null
P_0003;-43.469350;-20.164105;909;7.69;1.15;10.33;12.08;Banded Iron Formation - BIF;No;Maximum;9;Unavaible;hpesciotti;null
ABOB_0002;-43.863778;-20.164275;1167;8.4;0.1;16.6;11;Banded Iron Formation - BIF;No;Maximum;5;Unavaible;hpesciotti;null
P_0001;-43.466827;-20.164779;965;6.32;0.24;14.9;18.92;Banded Iron Formation - BIF;No;Maximum;9;Unavaible;hpesciotti;null
FZ_0079;-43.491097;-20.166967;911;16.06;0.75;29.71;40.4;Banded Iron Formation - BIF;No;Maximum;9;Unavaible;hpesciotti;null
FZ_0076;-43.493871;-20.169023;910;9.8;1.83;39.12;62.2;Banded Iron Formation - BIF;No;Maximum;9;Unavaible;hpesciotti;null
CAPA_0003;-43.624591;-20.169479;1439;84.87;3.9;222.48;246.95;Banded Iron Formation - BIF;No;Maximum;8;Unavaible;hpesciotti;null
CAPA_0004;-43.622665;-20.169708;1407;36.7;4.97;134.74;177.85;Banded Iron Formation - BIF;No;Maximum;8;Unavaible;hpesciotti;null
CAPA_0005;-43.621972;-20.170245;1404;13.31;2.08;23.12;15.02;Banded Iron Formation - BIF;No;Maximum;8;Unavaible;hpesciotti;null
CAPA_0006;-43.621737;-20.170812;1411;30.22;3.38;137.75;107.44;Banded Iron Formation - BIF;No;Maximum;8;Unavaible;hpesciotti;null
BR_0043;-43.480079;-20.171552;912;9.95;0.16;22.11;47.75;Banded Iron Formation - BIF;No;Maximum;9;Unavaible;hpesciotti;null
CAPA_0002;-43.624030;-20.189794;1616;6.77;0.85;25.11;29.88;Banded Iron Formation - BIF;No;Maximum;8;Unavaible;hpesciotti;null
CAPA_0001;-43.619968;-20.193529;1629;25.38;0.92;49.88;57.86;Banded Iron Formation - BIF;No;Maximum;8;Unavaible;hpesciotti;null
FN_0015;-43.435871;-20.205764;924;6.7;0.4;9.6;8;Banded Iron Formation - BIF;No;Maximum;9;Unavaible;hpesciotti;null
FN_0016;-43.436560;-20.205788;934;6;0.4;13;7.6;Banded Iron Formation - BIF;No;Maximum;9;Unavaible;hpesciotti;null
FN_0017;-43.437609;-20.206069;964;11.07;0.82;18.39;22.44;Banded Iron Formation - BIF;No;Maximum;9;Unavaible;hpesciotti;null
FN_0021;-43.438422;-20.207115;940;5.2;0.8;11;9;Banded Iron Formation - BIF;No;Maximum;9;Unavaible;hpesciotti;null
FN_0018;-43.437962;-20.207138;956;15;4;45;31;Banded Iron Formation - BIF;No;Maximum;9;Unavaible;hpesciotti;null
FN_0019;-43.438180;-20.207366;966;15.3;5;50;92;Banded Iron Formation - BIF;No;Maximum;9;Unavaible;hpesciotti;null
FN_0013;-43.438457;-20.207413;982;73;14;322;780;Banded Iron Formation - BIF;No;Maximum;9;Unavaible;hpesciotti;null
FN_0014;-43.432839;-20.207526;907;9.4;3.4;23;29;Banded Iron Formation - BIF;No;Maximum;9;Unavaible;hpesciotti;null
FN_0010;-43.438541;-20.207658;974;9.5;1.4;16;20;Banded Iron Formation - BIF;No;Maximum;9;Unavaible;hpesciotti;null
FN_0011;-43.438531;-20.207694;973;10.6;1.4;16;12;Banded Iron Formation - BIF;No;Maximum;9;Unavaible;hpesciotti;null
FN_0012;-43.438490;-20.207992;970;46.6;4.8;187;344;Banded Iron Formation - BIF;No;Maximum;9;Unavaible;hpesciotti;null
FN_0023;-43.439529;-20.208426;986;18;0.6;52;41;Banded Iron Formation - BIF;No;Maximum;9;Unavaible;hpesciotti;null
FN_0022;-43.439481;-20.208434;985;7.3;0.4;18;9;Banded Iron Formation - BIF;No;Maximum;9;Unavaible;hpesciotti;null
BR_0056;-43.508451;-20.216405;1053;6.97;0.88;15.71;13.35;Banded Iron Formation - BIF;No;Maximum;9;Unavaible;hpesciotti;null
FN_0024;-43.442155;-20.216616;911;17.45;3.5;67.22;86.71;Banded Iron Formation - BIF;No;Maximum;9;Unavaible;hpesciotti;null
FN_0025;-43.443225;-20.216824;879;24;1.5;46;52;Banded Iron Formation - BIF;No;Maximum;9;Unavaible;hpesciotti;null
FN_0026;-43.441491;-20.217938;880;5.6;0.4;20;26;Banded Iron Formation - BIF;No;Maximum;9;Unavaible;hpesciotti;null
BR_0065;-43.509709;-20.219984;1140;8.85;5.22;25.15;20.37;Banded Iron Formation - BIF;No;Maximum;9;Unavaible;hpesciotti;null
BR_0064;-43.509316;-20.220008;1119;9.52;5.22;52.99;69.41;Banded Iron Formation - BIF;No;Maximum;9;Unavaible;hpesciotti;null
FN_0005;-43.434142;-20.221685;890;65;10.4;180;340;Banded Iron Formation - BIF;No;Maximum;9;Unavaible;hpesciotti;null
FN_0004;-43.434065;-20.221765;890;10.5;1.2;15;14;Banded Iron Formation - BIF;No;Maximum;9;Unavaible;hpesciotti;null
BR_0061;-43.511431;-20.222095;1216;7.97;1.75;16.58;23.21;Banded Iron Formation - BIF;No;Maximum;9;Unavaible;hpesciotti;null
BR_0062;-43.510521;-20.222114;1158;6.54;1.8;17.59;15.47;Banded Iron Formation - BIF;No;Maximum;9;Unavaible;hpesciotti;null
FN_0027;-43.437500;-20.223765;883;47;2.6;182;250;Banded Iron Formation - BIF;No;Maximum;9;Unavaible;hpesciotti;null
BR_0058;-43.511101;-20.224495;1125;7.57;1.03;13.94;10.17;Banded Iron Formation - BIF;No;Maximum;9;Unavaible;hpesciotti;null
BR_0059;-43.510907;-20.224765;1187;13.67;2.23;36.6;25.98;Banded Iron Formation - BIF;No;Maximum;9;Unavaible;hpesciotti;null
BR_0060;-43.510454;-20.225122;1180;5.91;0.91;12.72;12.59;Banded Iron Formation - BIF;No;Maximum;9;Unavaible;hpesciotti;null
BR_0078;-43.501999;-20.225565;941;8.18;2.07;44.17;45.42;Banded Iron Formation - BIF;No;Maximum;9;Unavaible;hpesciotti;null
FZ_0075;-43.497922;-20.226497;908;12.02;4.82;26.48;18.27;Itabirite;No;Maximum;9;Unavaible;hpesciotti;null
CH_0024;-43.517930;-20.227037;1452;20;3.6;61;50;Banded Iron Formation - BIF;No;Maximum;9;Unavaible;hpesciotti;null
CH_0025;-43.517930;-20.227073;1457;6.4;2.5;21;11;Banded Iron Formation - BIF;No;Maximum;9;Unavaible;hpesciotti;null
CH_0026;-43.512560;-20.227145;1312;8.8;5;15;21;Banded Iron Formation - BIF;No;Maximum;9;Unavaible;hpesciotti;null
CH_0027;-43.512339;-20.227225;1286;5.3;4;16;32;Banded Iron Formation - BIF;No;Maximum;9;Unavaible;hpesciotti;null
FN_0002;-43.431176;-20.227358;868;6;3;9;5;Banded Iron Formation - BIF;No;Maximum;9;Unavaible;hpesciotti;null
FN_0001;-43.430340;-20.227667;797;10.4;7.6;22;14;Banded Iron Formation - BIF;No;Maximum;9;Unavaible;hpesciotti;null
CH_0020;-43.517666;-20.228652;1431;20;2.4;53;61;Banded Iron Formation - BIF;No;Maximum;9;Unavaible;hpesciotti;null
CH_0033;-43.506984;-20.229691;1053;10;1.4;31;32;Banded Iron Formation - BIF;No;Maximum;9;Unavaible;hpesciotti;null
BR_0074;-43.506935;-20.229799;1052;10.32;1.65;31.05;23.9;Banded Iron Formation - BIF;No;Maximum;9;Unavaible;hpesciotti;null
CH_0032;-43.512454;-20.231264;1234;11;2.2;38;52;Banded Iron Formation - BIF;No;Maximum;9;Unavaible;hpesciotti;null
CH_0029;-43.512366;-20.231453;1259;13;6.4;32;38;Banded Iron Formation - BIF;No;Maximum;9;Unavaible;hpesciotti;null
CH_0022;-43.517998;-20.231952;1485;13.5;2;36;36;Banded Iron Formation - BIF;No;Maximum;9;Unavaible;hpesciotti;null
BR_0070;-43.510877;-20.232001;1185;23.14;8.28;71.97;98.59;Banded Iron Formation - BIF;No;Maximum;9;Unavaible;hpesciotti;null
CH_0021;-43.517979;-20.232007;1488;23;1;60;73;Banded Iron Formation - BIF;No;Maximum;9;Unavaible;hpesciotti;null
CH_0028;-43.510818;-20.232163;1183;22.7;6.4;69.3;130.1;Banded Iron Formation - BIF;No;Maximum;9;Unavaible;hpesciotti;null
BR_0077;-43.506959;-20.233377;1047;6.75;2.24;15.71;10.52;Banded Iron Formation - BIF;No;Maximum;9;Unavaible;hpesciotti;null
BR_0076;-43.507092;-20.233423;1065;10.46;5.68;48.11;43.29;Banded Iron Formation - BIF;No;Maximum;9;Unavaible;hpesciotti;null
CH_0031;-43.507101;-20.233513;1061;8.5;4.2;36;42;Banded Iron Formation - BIF;No;Maximum;9;Unavaible;hpesciotti;null
CH_0002;-43.520051;-20.233569;1507;7.4;0.7;16.7;25.8;Banded Iron Formation - BIF;No;Maximum;9;Unavaible;hpesciotti;null
BR_0079;-43.504227;-20.234727;986;7.73;1.7;23.68;14.91;Banded Iron Formation - BIF;No;Maximum;9;Unavaible;hpesciotti;null
CH_0012;-43.510970;-20.235236;1176;5.85;1.9;16.5;23.1;Banded Iron Formation - BIF;No;Maximum;9;Unavaible;hpesciotti;null
BR_0071;-43.511066;-20.235273;1080;6.07;1.43;21.2;19.92;Banded Iron Formation - BIF;No;Maximum;9;Unavaible;hpesciotti;null
BR_0072;-43.510911;-20.235434;1080;9.57;2.32;21.91;12.26;Banded Iron Formation - BIF;No;Maximum;9;Unavaible;hpesciotti;null
CH_0011;-43.510603;-20.235621;1152;28.9;9;139.4;260.6;Banded Iron Formation - BIF;No;Maximum;9;Unavaible;hpesciotti;null
BR_0073;-43.510458;-20.235746;1157;28.16;8.52;147.08;223.56;Banded Iron Formation - BIF;No;Maximum;9;Unavaible;hpesciotti;null
CH_0013;-43.509048;-20.236123;1119;11.5;5;26.5;58.3;Banded Iron Formation - BIF;No;Maximum;9;Unavaible;hpesciotti;null
CH_0035;-43.508871;-20.238633;1020;10.28;2.1;20.5;19.5;Banded Iron Formation - BIF;No;Maximum;9;Unavaible;hpesciotti;null
CH_0003;-43.520588;-20.240448;1466;14.1;0.5;23.8;14.3;Banded Iron Formation - BIF;No;Maximum;9;Unavaible;hpesciotti;null
CH_0015;-43.518558;-20.241579;1427;7;0.7;12;7.6;Banded Iron Formation - BIF;No;Maximum;9;Unavaible;hpesciotti;null
CH_0016;-43.518510;-20.241614;1427;9;0.8;17;11;Banded Iron Formation - BIF;No;Maximum;9;Unavaible;hpesciotti;null
CH_0004;-43.519850;-20.241635;1431;11.1;0.9;13.4;12.3;Banded Iron Formation - BIF;No;Maximum;9;Unavaible;hpesciotti;null
CH_0018;-43.518605;-20.241642;1427;27;1.7;104;110;Banded Iron Formation - BIF;No;Maximum;9;Unavaible;hpesciotti;null
CH_0017;-43.518414;-20.241668;1423;10.7;0.5;27.2;16.3;Banded Iron Formation - BIF;No;Maximum;9;Unavaible;hpesciotti;null
CH_0019;-43.516422;-20.241723;1363;17.5;4.2;68.3;129.7;Banded Iron Formation - BIF;No;Maximum;9;Unavaible;hpesciotti;null
CH_0030;-43.514680;-20.242738;1261;14.6;1.8;23.1;25.6;Banded Iron Formation - BIF;No;Maximum;9;Unavaible;hpesciotti;null
CH_0005;-43.518976;-20.242937;1400;9.2;1;24.1;24.8;Banded Iron Formation - BIF;No;Maximum;9;Unavaible;hpesciotti;null
CH_0007;-43.517002;-20.243146;1364;116;14;392;580;Banded Iron Formation - BIF;No;Maximum;9;Unavaible;hpesciotti;null
CH_0034;-43.518696;-20.243215;1392;7;0.6;18.3;12.3;Banded Iron Formation - BIF;No;Maximum;9;Unavaible;hpesciotti;null
CH_0008;-43.517030;-20.244267;1308;16.5;1;72;100.8;Banded Iron Formation - BIF;No;Maximum;9;Unavaible;hpesciotti;null
BR_0080;-43.509573;-20.244276;1047;10.64;0.53;10.89;18.79;Banded Iron Formation - BIF;No;Maximum;9;Unavaible;hpesciotti;null
BR_0081;-43.509448;-20.244284;1045;8.86;3.16;35.11;54.77;Banded Iron Formation - BIF;No;Maximum;9;Unavaible;hpesciotti;null
CH_0010;-43.516645;-20.244408;1292;8.8;1.9;20.7;16.2;Banded Iron Formation - BIF;No;Maximum;9;Unavaible;hpesciotti;null
CH_0009;-43.516645;-20.244408;1292;13;3.4;63;201;Banded Iron Formation - BIF;No;Maximum;9;Unavaible;hpesciotti;null
BR_0082;-43.510616;-20.249353;1070;8.37;2.71;23.79;12.13;Banded Iron Formation - BIF;No;Maximum;9;Unavaible;hpesciotti;null
BR_0090;-43.509490;-20.271061;953;10.31;1.24;30.28;19.98;Banded Iron Formation - BIF;No;Maximum;9;Unavaible;hpesciotti;null
MRI_0001;-43.416417;-20.271799;993;15.69;5.9;86.1;120.54;Banded Iron Formation - BIF;No;Maximum;9;Unavaible;hpesciotti;null
BR_0089;-43.511534;-20.272524;992;13.91;2.26;38.66;28.22;Banded Iron Formation - BIF;No;Maximum;9;Unavaible;hpesciotti;null
BR_0088;-43.511916;-20.272636;993;45.76;4.06;156.24;142.17;Banded Iron Formation - BIF;No;Maximum;9;Unavaible;hpesciotti;null
SPA_0074;-43.451341;-20.344029;923;45;2.3;59.3;74;Banded Iron Formation - BIF;No;Maximum;9;Unavaible;hpesciotti;null
SPB_0050;-43.448591;-20.345071;834;70.6;1.3;190.1;264;Hematite Schist;No;Maximum;9;Unavaible;hpesciotti;null
SPB_0065;-43.448455;-20.345286;860;168;16.3;860.3;1368;Hematite Schist;No;Maximum;9;Unavaible;hpesciotti;null
SPD_0003;-43.447441;-20.347111;917;102;3.2;271.9;133;Banded Iron Formation - BIF;No;Maximum;9;Unavaible;hpesciotti;null
SPD_0027;-43.446527;-20.347483;911;38.7;4.7;136.8;160;Banded Iron Formation - BIF;No;Maximum;9;Unavaible;hpesciotti;null
SPB_0007;-43.446172;-20.347534;914;84.6;0.9;255;352;Banded Iron Formation - BIF;No;Maximum;9;Unavaible;hpesciotti;null
SPB_0010;-43.447781;-20.347557;932;13.6;1.6;76.4;63;Banded Iron Formation - BIF;No;Maximum;9;Unavaible;hpesciotti;null
SPD_0010;-43.441400;-20.347798;796;11.7;0.4;46.2;38;Banded Iron Formation - BIF;No;Maximum;9;Unavaible;hpesciotti;null
SPD_0011;-43.441533;-20.347854;805;17.7;0.5;102.3;191;Banded Iron Formation - BIF;No;Maximum;9;Unavaible;hpesciotti;null
SPA_0035;-43.446644;-20.349182;948;13.4;11.8;24.8;58;Banded Iron Formation - BIF;No;Maximum;9;Unavaible;hpesciotti;null
SPB_0017;-43.443741;-20.349265;898;63;1;188;249;Banded Iron Formation - BIF;No;Maximum;9;Unavaible;hpesciotti;null
SPA_0010;-43.442419;-20.349307;829;26.5;1;58.9;48;Banded Iron Formation - BIF;No;Maximum;9;Unavaible;hpesciotti;null
SPA_0016;-43.443654;-20.349363;890;71;4.7;214.9;236;Banded Iron Formation - BIF;No;Maximum;9;Unavaible;hpesciotti;null
SPB_0012;-43.442475;-20.349479;860;11.2;1.2;48.6;65;Banded Iron Formation - BIF;No;Maximum;9;Unavaible;hpesciotti;null
SPC_0030;-43.447398;-20.349505;982;20.7;0.9;38;24;Banded Iron Formation - BIF;No;Maximum;9;Unavaible;hpesciotti;null
SPA_0061;-43.445773;-20.350132;947;16.1;6.7;27.8;66;Banded Iron Formation - BIF;No;Maximum;9;Unavaible;hpesciotti;null
SPA_0062;-43.445494;-20.350202;947;45.9;4.4;45.9;72;Banded Iron Formation - BIF;No;Maximum;9;Unavaible;hpesciotti;null
SPA_0063;-43.445311;-20.350336;947;7.1;1.1;8.6;8;Banded Iron Formation - BIF;No;Maximum;9;Unavaible;hpesciotti;null
SPB_0045;-43.451116;-20.351263;1093;20.8;1;47;33;Banded Iron Formation - BIF;No;Maximum;9;Unavaible;hpesciotti;null
MINA_0014;-43.907723;-20.407833;1280;20.1;5.6;67.3;79.72;Banded Iron Formation - BIF;No;Maximum;5;Unavaible;hpesciotti;null
MINA_0009;-43.897419;-20.433626;1542;35.11;3.9;238.12;569.1;Banded Iron Formation - BIF;No;Maximum;5;Unavaible;hpesciotti;null
MINA_0008;-43.924359;-20.442405;1559;24.65;2.8;67.2;103.48;Banded Iron Formation - BIF;No;Maximum;5;Unavaible;hpesciotti;null
MINA_0007;-43.924157;-20.442449;1542;15.34;3.3;55.98;49.82;Banded Iron Formation - BIF;No;Maximum;5;Unavaible;hpesciotti;null
AVG-18;-43.700563;-19.820921;1426;21.2;10;44.6;47.3;Banded Iron Formation - BIF;No;Maximum;3;Unavaible;hpesciotti;null
AVG-36;-43.698595;-19.821097;1447;7.7;1.1;11.5;6.5;Banded Iron Formation - BIF;No;Maximum;3;Unavaible;hpesciotti;null
AVG-35;-43.698173;-19.821265;1448;7.1;2.4;22.4;11.9;Banded Iron Formation - BIF;No;Maximum;3;Unavaible;hpesciotti;null
AVG-19;-43.700703;-19.821284;1440;7;3.2;22;15.2;Banded Iron Formation - BIF;No;Maximum;3;Unavaible;hpesciotti;null
AVG-20;-43.699968;-19.821305;1459;11.5;2.5;12.4;13.2;Banded Iron Formation - BIF;No;Maximum;3;Unavaible;hpesciotti;null
AVG-42;-43.695696;-19.821816;1360;8.3;0.5;16.5;12.7;Banded Iron Formation - BIF;No;Maximum;3;Unavaible;hpesciotti;null
AVG-43;-43.695561;-19.822005;1366;5.1;1.3;9.5;6.6;Banded Iron Formation - BIF;No;Maximum;3;Unavaible;hpesciotti;null
AVG-44;-43.695408;-19.822049;1366;6.1;1;8.3;19.4;Banded Iron Formation - BIF;No;Maximum;3;Unavaible;hpesciotti;null
AVG-41;-43.695426;-19.822194;1374;26.2;4.8;43.4;38.2;Banded Iron Formation - BIF;No;Maximum;3;Unavaible;hpesciotti;null
AVG-30;-43.696867;-19.822304;1420;74.1;5.9;221.2;250.8;Banded Iron Formation - BIF;No;Maximum;3;Unavaible;hpesciotti;null
AVG-17;-43.699587;-19.822315;1443;11;3.9;55.9;97.8;Banded Iron Formation - BIF;No;Maximum;3;Unavaible;hpesciotti;null
AVG-40;-43.695434;-19.822348;1391;28.9;2.6;47.1;34.6;Banded Iron Formation - BIF;No;Maximum;3;Unavaible;hpesciotti;null
AVG-39;-43.695377;-19.822374;1395;5.1;1.5;8.4;5.5;Banded Iron Formation - BIF;No;Maximum;3;Unavaible;hpesciotti;null
AVG-27;-43.696550;-19.822455;1416;22.2;1.5;27.4;30.9;Banded Iron Formation - BIF;No;Maximum;3;Unavaible;hpesciotti;null
AVG-38;-43.695194;-19.822472;1385;16.5;2.8;55.7;73.1;Banded Iron Formation - BIF;No;Maximum;3;Unavaible;hpesciotti;null
AVG-29;-43.696595;-19.822871;1435;8.3;2;12.8;19.7;Banded Iron Formation - BIF;No;Maximum;3;Unavaible;hpesciotti;null
AVG-06;-43.694580;-19.822874;1412;7.5;1.4;15.4;10.6;Banded Iron Formation - BIF;No;Maximum;3;Unavaible;hpesciotti;null
AVG-05;-43.694590;-19.822884;1496;77.2;9.7;229.4;316;Banded Iron Formation - BIF;No;Maximum;3;Unavaible;hpesciotti;null
AVG-37;-43.694923;-19.822931;1388;5.8;0.4;8;7.8;Banded Iron Formation - BIF;No;Maximum;3;Unavaible;hpesciotti;null
AVG-47;-43.695782;-19.822965;1380;32.5;9.6;84.5;105.5;Banded Iron Formation - BIF;No;Maximum;3;Unavaible;hpesciotti;null
AVG-01;-43.688708;-19.822994;1513;5.7;1;9;10;Banded Iron Formation - BIF;No;Maximum;3;Unavaible;hpesciotti;null
AVG-08;-43.705539;-19.823081;1399;76.6;10.3;190.5;260.2;Banded Iron Formation - BIF;No;Maximum;3;Unavaible;hpesciotti;null
AVG-12;-43.704979;-19.823854;1392;6.2;3.5;17.7;21.9;Banded Iron Formation - BIF;No;Maximum;3;Unavaible;hpesciotti;null
AVG-22;-43.706792;-19.823885;1364;5.5;2.2;8.9;8.1;Banded Iron Formation - BIF;No;Maximum;3;Unavaible;hpesciotti;null
AVG-14;-43.703840;-19.824135;1343;11.7;4.9;22.7;28.1;Banded Iron Formation - BIF;No;Maximum;3;Unavaible;hpesciotti;null
AVG-15;-43.703849;-19.824234;1336;5.8;3.3;17.4;25.3;Banded Iron Formation - BIF;No;Maximum;3;Unavaible;hpesciotti;null
AVG-24;-43.690498;-19.824769;1483;6.6;2.3;13.1;18.8;Banded Iron Formation - BIF;No;Maximum;3;Unavaible;hpesciotti;null
AVG-26;-43.691490;-19.824776;1447;7.7;3.4;27.4;19.2;Banded Iron Formation - BIF;No;Maximum;3;Unavaible;hpesciotti;null
AVG-23;-43.690266;-19.825074;1466;5.9;1;5;4.7;Banded Iron Formation - BIF;No;Maximum;3;Unavaible;hpesciotti;null
AVG-25;-43.690847;-19.825196;1444;18.4;2.7;32;35;Banded Iron Formation - BIF;No;Maximum;3;Unavaible;hpesciotti;null
BRU_0034;-43.377931;-19.850614;997;14.81;0.7;53.54;79.29;Banded Iron Formation - BIF;No;Maximum;10;Unavaible;hpesciotti;null
BRU_0005;-43.404133;-19.870355;904;102.06;12.5;503.7;594.3;Banded Iron Formation - BIF;No;Maximum;10;Unavaible;hpesciotti;null
BRU_0012;-43.411986;-19.871889;923;5.1;0.2;9.2;7;Banded Iron Formation - BIF;No;Maximum;10;Unavaible;hpesciotti;null
BRU_0009;-43.411890;-19.871915;932;25.1;2.6;68.7;60;Banded Iron Formation - BIF;No;Maximum;10;Unavaible;hpesciotti;null
BRU_0010;-43.411784;-19.872068;943;24.8;10.7;167.9;183;Banded Iron Formation - BIF;No;Maximum;10;Unavaible;hpesciotti;null
BRU_0011;-43.411688;-19.872076;946;13.1;2;18.6;8;Banded Iron Formation - BIF;No;Maximum;10;Unavaible;hpesciotti;null
MDIR_0039;-43.411142;-19.873255;892;13.44;0.7;72.78;46.32;Banded Iron Formation - BIF;No;Maximum;10;Unavaible;hpesciotti;null
MDIR_0035;-43.423305;-19.875441;927;7.11;1.2;14.84;33.05;Banded Iron Formation - BIF;No;Maximum;10;Unavaible;hpesciotti;null
BRU_0007;-43.417163;-19.875639;884;10.06;1.2;26.04;24.99;Banded Iron Formation - BIF;No;Maximum;10;Unavaible;hpesciotti;null
BRU_0008;-43.416943;-19.875664;884;17.66;0.5;51.76;26.39;Banded Iron Formation - BIF;No;Maximum;10;Unavaible;hpesciotti;null
MDIR_0027;-43.439228;-19.876954;1014;6.7;2.2;24.06;13.47;Banded Iron Formation - BIF;No;Maximum;10;Unavaible;hpesciotti;null
MDIR_0036;-43.420654;-19.876989;863;8.54;2.8;66.34;67.66;Banded Iron Formation - BIF;No;Maximum;10;Unavaible;hpesciotti;null
BRU_0006;-43.420277;-19.877447;847;14.26;1.9;57;39.9;Banded Iron Formation - BIF;No;Maximum;10;Unavaible;hpesciotti;null
BRU_0001;-43.404807;-19.878393;835;16.53;1.4;57.02;43.33;Banded Iron Formation - BIF;No;Maximum;10;Unavaible;hpesciotti;null
BRU_0035;-43.417389;-19.880763;788;14.69;0.7;10.44;4.8;Banded Iron Formation - BIF;No;Maximum;10;Unavaible;hpesciotti;null
MDIR_0025;-43.444691;-19.880832;984;12.9;0.5;46.06;18.88;Banded Iron Formation - BIF;No;Maximum;10;Unavaible;hpesciotti;null
BRU_0004;-43.443821;-19.881909;940;24.5;2.5;60.95;46.32;Banded Iron Formation - BIF;No;Maximum;10;Unavaible;hpesciotti;null
MDIR_0033;-43.450444;-19.884316;889;10.6;2.6;39.22;33.72;Banded Iron Formation - BIF;No;Maximum;10;Unavaible;hpesciotti;null
BRU_0002;-43.437430;-19.888909;829;48.82;3.2;116.09;150.9;Banded Iron Formation - BIF;No;Maximum;10;Unavaible;hpesciotti;null
BRU_0003;-43.437122;-19.890216;807;7.1;0.3;13.6;7.82;Banded Iron Formation - BIF;No;Maximum;10;Unavaible;hpesciotti;null
MDIR_0014;-43.460131;-19.891952;960;7.88;1;18.09;10.01;Banded Iron Formation - BIF;No;Maximum;10;Unavaible;hpesciotti;null
BRU_0025;-43.460244;-19.900021;861;5.4;0.4;16;28;Banded Iron Formation - BIF;No;Maximum;10;Unavaible;hpesciotti;null
BRU_0022;-43.460815;-19.900188;913;12.4;1.3;33.9;47;Banded Iron Formation - BIF;No;Maximum;10;Unavaible;hpesciotti;null
BRU_0021;-43.459034;-19.901646;860;33.2;2.1;155.4;207;Banded Iron Formation - BIF;No;Maximum;10;Unavaible;hpesciotti;null
BRU_0019;-43.463925;-19.904543;808;6.1;0.5;21.5;10;Banded Iron Formation - BIF;No;Maximum;10;Unavaible;hpesciotti;null
RF_0002;-43.454430;-19.905626;836;26.7;3.8;51;56;Banded Iron Formation - BIF;No;Maximum;10;Unavaible;hpesciotti;null
BRU_0023;-43.465556;-19.907755;956;5.6;0.1;17.5;20;Banded Iron Formation - BIF;No;Maximum;10;Unavaible;hpesciotti;null
TAQ-18;-43.830231;-19.908567;811;6.4;0.7;8.6;4.2;Banded Iron Formation - BIF;No;Maximum;5;Unavaible;hpesciotti;null
RF_0005;-43.486045;-19.917679;948;68.7;8;178;290;Banded Iron Formation - BIF;No;Maximum;10;Unavaible;hpesciotti;null
RF_0007;-43.486804;-19.918245;934;93.6;7.5;178;347;Banded Iron Formation - BIF;No;Maximum;10;Unavaible;hpesciotti;null
RF_0006;-43.486651;-19.918307;936;8.8;0.7;11;19;Banded Iron Formation - BIF;No;Maximum;10;Unavaible;hpesciotti;null
RF_0008;-43.486842;-19.918318;931;24;3.4;36;77;Banded Iron Formation - BIF;No;Maximum;10;Unavaible;hpesciotti;null
RF_0009;-43.486811;-19.918498;926;60;4.2;76;77;Banded Iron Formation - BIF;No;Maximum;10;Unavaible;hpesciotti;null
RF_0072;-43.472038;-19.919049;825;75;6.4;215;240;Banded Iron Formation - BIF;No;Maximum;10;Unavaible;hpesciotti;null
RF_0004;-43.472343;-19.919179;838;7.9;1;22.9;34.3;Banded Iron Formation - BIF;No;Maximum;10;Unavaible;hpesciotti;null
RF_0074;-43.472380;-19.919215;832;6.7;1.2;13;20;Banded Iron Formation - BIF;No;Maximum;10;Unavaible;hpesciotti;null
RF_0073;-43.471986;-19.919483;829;15;1.3;27;26;Banded Iron Formation - BIF;No;Maximum;10;Unavaible;hpesciotti;null
RF_0011;-43.490473;-19.921203;837;8;0.9;11.5;12;Banded Iron Formation - BIF;No;Maximum;10;Unavaible;hpesciotti;null
RF_0012;-43.490606;-19.921205;833;14.4;2.8;47;55;Banded Iron Formation - BIF;No;Maximum;10;Unavaible;hpesciotti;null
RF_0010;-43.490415;-19.921248;842;24;9;58.2;52.6;Banded Iron Formation - BIF;No;Maximum;10;Unavaible;hpesciotti;null
RF_0013;-43.491013;-19.921615;838;41.6;6.6;165;515;Banded Iron Formation - BIF;No;Maximum;10;Unavaible;hpesciotti;null
RF_0018;-43.496530;-19.922059;931;18.4;2.8;75.3;158.2;Banded Iron Formation - BIF;No;Maximum;10;Unavaible;hpesciotti;null
RF_0014;-43.494676;-19.922152;910;13.9;1.3;40.5;44;Banded Iron Formation - BIF;No;Maximum;10;Unavaible;hpesciotti;null
RF_0023;-43.497663;-19.922538;962;18.3;3.7;37.4;29.5;Banded Iron Formation - BIF;No;Maximum;10;Unavaible;hpesciotti;null
RF_0024;-43.497777;-19.922584;965;6.5;1.3;22;23.3;Banded Iron Formation - BIF;No;Maximum;10;Unavaible;hpesciotti;null
RF_0020;-43.497289;-19.922662;943;66;13.4;184;270;Banded Iron Formation - BIF;No;Maximum;10;Unavaible;hpesciotti;null
RF_0016;-43.495464;-19.922682;903;6.9;2;11.4;14.2;Banded Iron Formation - BIF;No;Maximum;10;Unavaible;hpesciotti;null
RF_0022;-43.497651;-19.922746;960;23;3.5;56;27.5;Banded Iron Formation - BIF;No;Maximum;10;Unavaible;hpesciotti;null
RF_0021;-43.497317;-19.922761;948;18.5;6.2;76;68;Banded Iron Formation - BIF;No;Maximum;10;Unavaible;hpesciotti;null
RF_0017;-43.495663;-19.922883;890;5.45;1.3;15.25;17.5;Banded Iron Formation - BIF;No;Maximum;10;Unavaible;hpesciotti;null
TAQ-17;-43.855971;-19.923859;864;15.1;5.9;24.7;29.9;Banded Iron Formation - BIF;No;Maximum;5;Unavaible;hpesciotti;null
RF_0025;-43.499178;-19.923888;965;12.1;1.2;71.6;124.2;Banded Iron Formation - BIF;No;Maximum;10;Unavaible;hpesciotti;null
RF_0026;-43.499064;-19.923896;956;9.2;2;80.9;105.2;Banded Iron Formation - BIF;No;Maximum;10;Unavaible;hpesciotti;null
RF_0027;-43.499022;-19.924293;950;13.8;2.1;22.6;23.5;Banded Iron Formation - BIF;No;Maximum;10;Unavaible;hpesciotti;null
RF_0040;-43.508655;-19.926868;976;7.3;1.4;33;40;Banded Iron Formation - BIF;No;Maximum;10;Unavaible;hpesciotti;null
RF_0033;-43.508139;-19.927966;961;11.2;3.8;22;17;Banded Iron Formation - BIF;No;Maximum;10;Unavaible;hpesciotti;null
RF_0032;-43.507918;-19.928081;965;41.5;8.6;133;180;Banded Iron Formation - BIF;No;Maximum;10;Unavaible;hpesciotti;null
RF_0034;-43.508290;-19.928103;966;8.1;2.6;18.4;6.8;Banded Iron Formation - BIF;No;Maximum;10;Unavaible;hpesciotti;null
RF_0039;-43.508538;-19.928132;970;6;1.4;21;16;Banded Iron Formation - BIF;No;Maximum;10;Unavaible;hpesciotti;null
RF_0041;-43.509427;-19.928139;1001;21.8;4.6;49.85;104;Banded Iron Formation - BIF;No;Maximum;10;Unavaible;hpesciotti;null
RF_0042;-43.509244;-19.928219;1000;10.3;2.3;23;24.5;Banded Iron Formation - BIF;No;Maximum;10;Unavaible;hpesciotti;null
RF_0037;-43.508432;-19.928312;954;8.3;2.5;11.5;10.8;Banded Iron Formation - BIF;No;Maximum;10;Unavaible;hpesciotti;null
RF_0038;-43.508460;-19.928339;969;39.9;14.4;152.5;248.2;Banded Iron Formation - BIF;No;Maximum;10;Unavaible;hpesciotti;null
RF_0043_44;-43.509272;-19.928355;981;39.6;13.2;222.3;270.4;Banded Iron Formation - BIF;No;Maximum;10;Unavaible;hpesciotti;null
RF_0045;-43.509279;-19.928572;963;21.3;1.1;42.5;39;Banded Iron Formation - BIF;No;Maximum;10;Unavaible;hpesciotti;null
TAQ-15;-43.868290;-19.928682;1082;5.8;0.8;7.1;5.2;Banded Iron Formation - BIF;No;Maximum;5;Unavaible;hpesciotti;null
RF_0031;-43.507472;-19.928755;947;6.5;0.8;11.75;3.3;Banded Iron Formation - BIF;No;Maximum;10;Unavaible;hpesciotti;null
RF_0030;-43.507156;-19.928843;946;14;1.75;48.4;73.1;Banded Iron Formation - BIF;No;Maximum;10;Unavaible;hpesciotti;null
RF_0048;-43.512664;-19.929223;947;16.85;2.4;53.8;55.9;Banded Iron Formation - BIF;No;Maximum;10;Unavaible;hpesciotti;null
RF_0049;-43.512788;-19.929288;949;18.24;6.6;80.9;81.3;Banded Iron Formation - BIF;No;Maximum;10;Unavaible;hpesciotti;null
RF_0046;-43.509883;-19.929399;935;54;7.6;188;260;Banded Iron Formation - BIF;No;Maximum;10;Unavaible;hpesciotti;null
RF_0050;-43.514541;-19.929808;939;28.4;4.2;82.9;61.8;Banded Iron Formation - BIF;No;Maximum;10;Unavaible;hpesciotti;null
TAQ-16;-43.867135;-19.929849;990;6.5;1.3;6.6;2.4;Banded Iron Formation - BIF;No;Maximum;5;Unavaible;hpesciotti;null
RF_0047;-43.512571;-19.930063;918;8.5;0.7;15;11.25;Banded Iron Formation - BIF;No;Maximum;10;Unavaible;hpesciotti;null
RF_0029;-43.506217;-19.930199;922;15.5;1.4;31.2;34.5;Banded Iron Formation - BIF;No;Maximum;10;Unavaible;hpesciotti;null
TAQ-14;-43.869830;-19.931077;1018;6.8;4.1;10.7;14.1;Banded Iron Formation - BIF;No;Maximum;5;Unavaible;hpesciotti;null
TAQ-12;-43.870918;-19.931219;1075;7.3;1.1;6.4;3.5;Banded Iron Formation - BIF;No;Maximum;5;Unavaible;hpesciotti;null
TAQ-13;-43.869886;-19.931258;1014;11.1;4.8;16.4;5.2;Banded Iron Formation - BIF;No;Maximum;5;Unavaible;hpesciotti;null
RF_0028;-43.505397;-19.933074;881;15.4;1.2;21;20;Banded Iron Formation - BIF;No;Maximum;10;Unavaible;hpesciotti;null
RF_0051;-43.518227;-19.934013;888;8.15;3;30.75;103.5;Banded Iron Formation - BIF;No;Maximum;10;Unavaible;hpesciotti;null
RF_0057;-43.525187;-19.934559;1002;24.5;2.6;96.7;123.3;Banded Iron Formation - BIF;No;Maximum;10;Unavaible;hpesciotti;null
RF_0058;-43.525368;-19.934569;999;19.3;1.9;70.8;109.7;Banded Iron Formation - BIF;No;Maximum;10;Unavaible;hpesciotti;null
RF_0052;-43.518774;-19.934794;878;8.4;0.6;23.5;28.4;Banded Iron Formation - BIF;No;Maximum;10;Unavaible;hpesciotti;null
RF_0076;-43.537685;-19.935385;1040;23.4;5.2;71;56;Banded Iron Formation - BIF;No;Maximum;10;Unavaible;hpesciotti;null
RF_0054;-43.522423;-19.935927;890;17.2;2.8;58.3;116.9;Banded Iron Formation - BIF;No;Maximum;10;Unavaible;hpesciotti;null
RF_0053;-43.522298;-19.935935;897;10.5;2.6;14.9;20.3;Banded Iron Formation - BIF;No;Maximum;10;Unavaible;hpesciotti;null
RF_0055;-43.523060;-19.936221;894;10.5;2.2;64;172.8;Banded Iron Formation - BIF;No;Maximum;10;Unavaible;hpesciotti;null
RF_0056;-43.523172;-19.936548;859;8.9;5;32.8;64.1;Banded Iron Formation - BIF;No;Maximum;10;Unavaible;hpesciotti;null
RF_0077;-43.536505;-19.936929;959;14.8;6.6;38;19;Banded Iron Formation - BIF;No;Maximum;10;Unavaible;hpesciotti;null
RF_0060;-43.532796;-19.937151;913;5;0.8;5.3;3;Banded Iron Formation - BIF;No;Maximum;10;Unavaible;hpesciotti;null
RF_0063;-43.533385;-19.937527;909;10;2.4;12;9;Banded Iron Formation - BIF;No;Maximum;10;Unavaible;hpesciotti;null
RF_0062;-43.533241;-19.937534;880;16;2;31;20;Banded Iron Formation - BIF;No;Maximum;10;Unavaible;hpesciotti;null
RF_0064;-43.533260;-19.937643;902;8;1.4;26;25;Banded Iron Formation - BIF;No;Maximum;10;Unavaible;hpesciotti;null
RF_0065;-43.533278;-19.937761;900;37.3;2.6;93.3;52;Banded Iron Formation - BIF;No;Maximum;10;Unavaible;hpesciotti;null
RF_0066;-43.533247;-19.937959;897;8.7;1.2;22;12;Banded Iron Formation - BIF;No;Maximum;10;Unavaible;hpesciotti;null
RF_0067;-43.534068;-19.939122;883;8.3;0.8;24;26;Banded Iron Formation - BIF;No;Maximum;10;Unavaible;hpesciotti;null
RF_0068;-43.534038;-19.939267;879;12.6;0.4;26.5;15;Banded Iron Formation - BIF;No;Maximum;10;Unavaible;hpesciotti;null
RF_0071;-43.539386;-19.939428;945;6.3;1;20.5;43.05;Banded Iron Formation - BIF;No;Maximum;10;Unavaible;hpesciotti;null
RF_0069;-43.534303;-19.939468;874;38.5;4.6;82;90;Banded Iron Formation - BIF;No;Maximum;10;Unavaible;hpesciotti;null
RF_0070;-43.534647;-19.939525;868;15.2;5;43;54;Banded Iron Formation - BIF;No;Maximum;10;Unavaible;hpesciotti;null
RF_0080;-43.543784;-19.940142;1023;8.2;3.2;44.9;46.1;Banded Iron Formation - BIF;No;Maximum;10;Unavaible;hpesciotti;null
RF_0079;-43.541371;-19.940664;970;5.7;0.6;8;5;Banded Iron Formation - BIF;No;Maximum;10;Unavaible;hpesciotti;null
TAQ-11;-43.872222;-19.941374;1054;5.4;2.4;6.3;3.4;Banded Iron Formation - BIF;No;Maximum;5;Unavaible;hpesciotti;null
TAQ-10;-43.872316;-19.941592;1065;6.4;1.9;10.1;7.7;Banded Iron Formation - BIF;No;Maximum;5;Unavaible;hpesciotti;null
RF_0081;-43.541891;-19.943379;916;11.5;1.6;21;10;Banded Iron Formation - BIF;No;Maximum;10;Unavaible;hpesciotti;null
TAQ-01;-43.882218;-19.946524;1234;6.9;1.2;8.9;6.4;Banded Iron Formation - BIF;No;Maximum;5;Unavaible;hpesciotti;null
TAQ-02;-43.882043;-19.946939;1247;20.4;3.1;41.8;40.3;Banded Iron Formation - BIF;No;Maximum;5;Unavaible;hpesciotti;null
TAQ-03;-43.881956;-19.947047;1230;7.5;1.5;10.7;6.1;Banded Iron Formation - BIF;No;Maximum;5;Unavaible;hpesciotti;null
TAQ-05;-43.888744;-19.949285;1266;8.1;1.1;16.3;14.9;Banded Iron Formation - BIF;No;Maximum;5;Unavaible;hpesciotti;null
TAQ-04;-43.888696;-19.949375;1260;8.2;1;13.1;9;Banded Iron Formation - BIF;No;Maximum;5;Unavaible;hpesciotti;null
RF_0084;-43.587863;-19.955432;1120;5.7;1.5;10.9;13.1;Banded Iron Formation - BIF;No;Maximum;10;Unavaible;hpesciotti;null
RF_0083;-43.587140;-19.956158;1075;5.3;3.2;6;6.9;Banded Iron Formation - BIF;No;Maximum;10;Unavaible;hpesciotti;null
APOL_0010;-43.665249;-19.999588;1448;33.9;5.8;124.3;190;Banded Iron Formation - BIF;No;Maximum;10;Unavaible;hpesciotti;null
